{"importBase":"import","nativeBase":"native","name":"main","deps":["internal"],"uuids":["06e67b2b0","0755bb6f5","08111d2d1","65ryiODYBK4IN3m8fU+dIo","baIUdvKGZPgZxNbjWTFuRI","24pwTaKGdEbY0aXpIMdeCd","24pwTaKGdEbY0aXpIMdeCd@6c48a","24pwTaKGdEbY0aXpIMdeCd@f9941","6eLdOq39NDCqeAcHHjsgMP","6eLdOq39NDCqeAcHHjsgMP@6c48a","6eLdOq39NDCqeAcHHjsgMP@f9941","72B2ZrVW5HvYeS1zK+CvqS","72B2ZrVW5HvYeS1zK+CvqS@6c48a","72B2ZrVW5HvYeS1zK+CvqS@f9941","88H6UHHSJFW6hxZNMagHQZ","9f2QDdIhtPiY8s+6NCQ8g1","9f2QDdIhtPiY8s+6NCQ8g1@6c48a","9f2QDdIhtPiY8s+6NCQ8g1@f9941","fdjsU2o1RKF5x0TziDw3jI"],"paths":{"4":["db:/internal/physics/default-physics-material",1],"18":["db:/internal/default_renderpipeline/builtin-forward",0]},"scenes":{"db://assets/LoadScene/LoadScene.scene":3},"packs":{"06e67b2b0":["9","16","6","12"],"0755bb6f5":["8","15","5","11"],"08111d2d1":["7","3","10","13","14","17"]},"versions":{"import":[],"native":[]},"redirect":[4,"0"],"debug":false,"extensionMap":{},"hasPreloadScript":true,"types":["cc.RenderPipeline","cc.PhysicsMaterial"]}