{"importBase":"import","nativeBase":"native","name":"main","deps":["internal"],"uuids":["03ac3e664","0730411a7","0bfd07ae0","65ryiODYBK4IN3m8fU+dIo","baIUdvKGZPgZxNbjWTFuRI","23eLhy0vFH+7Hbe61RG1nC","23eLhy0vFH+7Hbe61RG1nC@6c48a","23eLhy0vFH+7Hbe61RG1nC@f9941","35s51Cp1xB+qXUlPVjt0gQ","35s51Cp1xB+qXUlPVjt0gQ@6c48a","35s51Cp1xB+qXUlPVjt0gQ@f9941","50NjDXOWZBhb8ThyU73Uqc","bdKltn8iVKSbvmPKbaSMBw","bdKltn8iVKSbvmPKbaSMBw@6c48a","bdKltn8iVKSbvmPKbaSMBw@f9941","d0ua101H1Hc7hs76n/jdAI","d0ua101H1Hc7hs76n/jdAI@6c48a","d0ua101H1Hc7hs76n/jdAI@f9941","fdjsU2o1RKF5x0TziDw3jI"],"paths":{"4":["db:/internal/physics/default-physics-material",1],"18":["db:/internal/default_renderpipeline/builtin-forward",0]},"scenes":{"db://assets/LoadScene/LoadScene.scene":3},"packs":{"03ac3e664":["7","10","11","3","14","17"],"0730411a7":["9","6","13","16"],"0bfd07ae0":["8","5","12","15"]},"versions":{"import":[],"native":[]},"redirect":[4,"0"],"debug":false,"extensionMap":{},"hasPreloadScript":true,"types":["cc.RenderPipeline","cc.PhysicsMaterial"]}