[1,["24pwTaKGdEbY0aXpIMdeCd@f9941","24pwTaKGdEbY0aXpIMdeCd@6c48a","72B2ZrVW5HvYeS1zK+CvqS@f9941","9f2QDdIhtPiY8s+6NCQ8g1@f9941","6eLdOq39NDCqeAcHHjsgMP@f9941","88H6UHHSJFW6hxZNMagHQZ","6eLdOq39NDCqeAcHHjsgMP@6c48a","72B2ZrVW5HvYeS1zK+CvqS@6c48a","9f2QDdIhtPiY8s+6NCQ8g1@6c48a"],["node","_spriteFrame","_textureSource","_parent","_cameraComponent","scene","_font"],[["cc.Node",["_name","_layer","_id","_components","_parent","_lpos","_children","_lrot","_euler"],0,9,1,5,2,5,5],"cc.SpriteFrame",["cc.Sprite",["_sizeMode","_type","node","_spriteFrame","_color"],1,1,6,5],["cc.Node",["_name","_layer","_components","_lpos","_children","_parent"],1,12,5,2,1],["cc.UITransform",["node","_contentSize","_anchorPoint"],3,1,5,5],["cc.Widget",["_alignFlags","_left","_right","_originalWidth","_originalHeight","node"],-2,1],["cc.Camera",["_visibility","_projection","_priority","_orthoHeight","_far","_clearFlags","node","_color"],-3,1,5],["cc.SceneAsset",["_name"],2],["cc.Node",["_name","_parent","_components","_lpos"],2,1,2,5],["cc.Canvas",["node","_cameraComponent"],3,1,1],["cc.Scene",["_name","_children","_prefab","_globals"],2,2,4,4],["cc.PrefabInfo",["root","asset","fileId","instance","targetOverrides","nestedPrefabInstanceRoots"],-3],["cc.SceneGlobals",["ambient","shadows","_skybox","fog","octree","lightProbeInfo"],3,4,4,4,4,4,4],["cc.AmbientInfo",["_skyIllumLDR","_skyColorHDR","_skyColorLDR"],2,5,5],["cc.ShadowsInfo",["_shadowColor","_size"],3,5,5],["cc.SkyboxInfo",[],3],["cc.FogInfo",["_fogColor"],3,5],["cc.OctreeInfo",[],3],["cc.LightProbeInfo",[],3],["cc.Label",["_string","_actualFontSize","_isSystemFontUsed","node"],0,1],["cc.ProgressBar",["_totalLength","_progress","node","_barSprite"],1,1,1],["89e3bULnINAO5LStk1zefH7",["node","loadingBar","loadingLabel"],3,1,1,1],["cc.TTFFont",["_name","_native"],1]],[[4,0,1,1],[3,0,1,5,2,3,3],[4,0,1,2,1],[2,1,0,2,3,3],[7,0,2],[3,0,1,4,2,3,3],[0,0,1,2,6,3,5,4],[0,0,1,4,6,3,3],[0,0,1,4,3,3],[0,0,1,4,3,5,3],[0,0,2,4,3,5,7,8,3],[0,0,2,4,3,3],[8,0,1,2,3,2],[2,0,2,3,2],[2,2,3,1],[2,1,0,2,4,3],[9,0,1,1],[5,0,1,2,5,4],[5,0,3,4,5,4],[10,0,1,2,3,2],[11,0,1,2,3,4,5,7],[12,0,1,2,3,4,5,1],[13,0,1,2,2],[14,0,1,1],[15,1],[16,0,1],[17,1],[18,1],[6,0,6,2],[6,1,2,3,4,5,0,6,7,7],[19,0,1,2,3,4],[20,0,1,2,3,3],[21,0,1,2,1],[22,0,1,3]],[[[{"name":"default_progressbar","rect":{"x":0,"y":0,"width":30,"height":15},"offset":{"x":0,"y":0},"originalSize":{"width":30,"height":15},"rotated":false,"capInsets":[10,4,10,4],"vertices":{"rawPosition":[-15,-7.5,0,15,-7.5,0,-15,7.5,0,15,7.5,0],"indexes":[0,1,2,2,1,3],"uv":[0,15,30,15,0,0,30,0],"nuv":[0,0,1,0,0,1,1,1],"minPos":{"x":-15,"y":-7.5,"z":0},"maxPos":{"x":15,"y":7.5,"z":0}},"packable":true,"pixelsToUnit":100,"pivot":{"x":0.5,"y":0.5},"meshType":0}],[1],0,[0],[2],[1]],[[[4,"LoadScene"],[5,"ProgressBar",33554432,[-4,-5,-6],[[[0,-1,[5,800,30]],[3,1,0,-2,2],-3],4,4,1],[1,0,-255,0]],[6,"Canvas",33554432,"f9V9pnMHBLr4bXemmf0xKW",[-11,-12],[[0,-7,[5,1920,1080]],[16,-9,-8],[17,45,5.684341886080802e-14,5.684341886080802e-14,-10]],[1,960,540,0]],[7,"BG",33554432,2,[-16,1],[[0,-13,[5,1920,1080]],[13,0,-14,3],[18,45,1280,720,-15]]],[19,"LoadScene",[-17,2,-18],[20,null,null,"65af288e-0d80-4ae0-8377-9bc7d4f9d228",null,null,null],[21,[22,0.78125,[2,0.2,0.5019607843137255,0.8,0.520833125],[2,0.2,0.5019607843137255,0.8,0.520833125]],[23,[4,4283190348],[0,512,512]],[24],[25,[4,4292993505]],[26],[27]]],[8,"logo",33554432,3,[[0,-19,[5,929,419]],[14,-20,0]]],[9,"Bar-001",33554432,1,[[2,-21,[5,792,20],[0,0,0.5]],[3,1,0,-22,1]],[1,-396,0,0]],[1,"Bar",33554432,1,[[[2,-23,[5,0,20],[0,0,0.5]],-24],4,1],[1,-396,0,0]],[1,"Label",33554432,1,[[[0,-25,[5,226.56,50.4]],-26],4,1],[1,0,-50,0]],[10,"Main Camera","c9DMICJLFO5IeO07EPon7U",4,[[28,1822425087,-27]],[1,-10,10,10],[3,-0.27781593799591064,-0.36497166752815247,-0.11507512629032135,0.8811195492744446],[1,-35,-45,0]],[12,"Camera",2,[-28],[1,0,0,1000]],[29,0,1073741824,540,2000,6,41943040,10,[4,4278190080]],[15,1,0,7,[4,4278289663]],[30,"Updating...",40,false,8],[31,792,0,1,12],[11,"LoadGameController","f3vCF86qxDMJIG5DQaKcUt",4,[[32,-29,14,13]]]],0,[0,0,1,0,0,1,0,-3,14,0,-1,6,0,-2,7,0,-3,8,0,0,2,0,4,11,0,0,2,0,0,2,0,-1,10,0,-2,3,0,0,3,0,0,3,0,0,3,0,-1,5,0,-1,9,0,-3,15,0,0,5,0,0,5,0,0,6,0,0,6,0,0,7,0,-2,12,0,0,8,0,-2,13,0,0,9,0,-1,11,0,0,15,0,5,4,1,3,3,2,3,4,29],[0,0,0,0,12,13],[1,1,1,1,1,6],[2,0,3,4,0,5]],[[{"name":"BG2","rect":{"x":0,"y":0,"width":1920,"height":1080},"offset":{"x":0,"y":0},"originalSize":{"width":1920,"height":1080},"rotated":false,"capInsets":[0,0,0,0],"vertices":{"rawPosition":[-960,-540,0,960,-540,0,-960,540,0,960,540,0],"indexes":[0,1,2,2,1,3],"uv":[0,1080,1920,1080,0,0,1920,0],"nuv":[0,0,1,0,0,1,1,1],"minPos":{"x":-960,"y":-540,"z":0},"maxPos":{"x":960,"y":540,"z":0}},"packable":true,"pixelsToUnit":100,"pivot":{"x":0.5,"y":0.5},"meshType":0}],[1],0,[0],[2],[6]],[[{"name":"logo-001","rect":{"x":0,"y":0,"width":929,"height":419},"offset":{"x":0,"y":0},"originalSize":{"width":929,"height":419},"rotated":false,"capInsets":[0,0,0,0],"vertices":{"rawPosition":[-464.5,-209.5,0,464.5,-209.5,0,-464.5,209.5,0,464.5,209.5,0],"indexes":[0,1,2,2,1,3],"uv":[0,419,929,419,0,0,929,0],"nuv":[0,0,1,0,0,1,1,1],"minPos":{"x":-464.5,"y":-209.5,"z":0},"maxPos":{"x":464.5,"y":209.5,"z":0}},"packable":true,"pixelsToUnit":100,"pivot":{"x":0.5,"y":0.5},"meshType":0}],[1],0,[0],[2],[7]],[[[33,"Pixel-Digivolve","Pixel-Digivolve.ttf"],-1],0,0,[],[],[]],[[{"name":"default_progressbar_bg","rect":{"x":0,"y":0,"width":60,"height":15},"offset":{"x":0,"y":0},"originalSize":{"width":60,"height":15},"rotated":false,"capInsets":[10,4,10,4],"vertices":{"rawPosition":[-30,-7.5,0,30,-7.5,0,-30,7.5,0,30,7.5,0],"indexes":[0,1,2,2,1,3],"uv":[0,15,60,15,0,0,60,0],"nuv":[0,0,1,0,0,1,1,1],"minPos":{"x":-30,"y":-7.5,"z":0},"maxPos":{"x":30,"y":7.5,"z":0}},"packable":true,"pixelsToUnit":100,"pivot":{"x":0.5,"y":0.5},"meshType":0}],[1],0,[0],[2],[8]]]]
