[1,["23eLhy0vFH+7Hbe61RG1nC@f9941","20mtC1K0NOh4+UBnpCf1r3@6c48a","23eLhy0vFH+7Hbe61RG1nC@6c48a","e1erZorP1KWpdtD/g8QCOD@f9941","bdKltn8iVKSbvmPKbaSMBw@f9941","20mtC1K0NOh4+UBnpCf1r3@f9941","ddYA/OkCZPnq013uGawxD6","bdKltn8iVKSbvmPKbaSMBw@6c48a","e1erZorP1KWpdtD/g8QCOD@6c48a"],["node","_spriteFrame","_textureSource","_parent","_cameraComponent","scene","_font"],[["cc.Node",["_name","_layer","_id","_components","_parent","_lpos","_children","_lrot","_euler"],0,9,1,5,2,5,5],["cc.Sprite",["_type","_sizeMode","node","_spriteFrame","_color"],1,1,6,5],"cc.SpriteFrame",["cc.Node",["_name","_layer","_components","_lpos","_children","_parent"],1,12,5,2,1],["cc.UITransform",["node","_contentSize","_anchorPoint"],3,1,5,5],["cc.Widget",["_alignFlags","_left","_right","_originalWidth","_originalHeight","node"],-2,1],["cc.Camera",["_visibility","_projection","_priority","_orthoHeight","_far","_clearFlags","node","_color"],-3,1,5],["cc.SceneAsset",["_name"],2],["cc.Node",["_name","_parent","_components","_lpos"],2,1,2,5],["cc.Canvas",["node","_cameraComponent"],3,1,1],["cc.Scene",["_name","_children","_prefab","_globals"],2,2,4,4],["cc.PrefabInfo",["root","asset","fileId","instance","targetOverrides","nestedPrefabInstanceRoots"],-3],["cc.SceneGlobals",["ambient","shadows","_skybox","fog","octree","lightProbeInfo"],3,4,4,4,4,4,4],["cc.AmbientInfo",["_skyIllumLDR","_skyColorHDR","_skyColorLDR"],2,5,5],["cc.ShadowsInfo",["_shadowColor","_size"],3,5,5],["cc.SkyboxInfo",[],3],["cc.FogInfo",["_fogColor"],3,5],["cc.OctreeInfo",[],3],["cc.LightProbeInfo",[],3],["cc.Label",["_string","_actualFontSize","_isSystemFontUsed","node"],0,1],["cc.ProgressBar",["_totalLength","_progress","node","_barSprite"],1,1,1],["89e3bULnINAO5LStk1zefH7",["node","loadingBar","loadingLabel"],3,1,1,1],["cc.TTFFont",["_name","_native"],1]],[[4,0,1,1],[3,0,1,5,2,3,3],[4,0,1,2,1],[7,0,2],[3,0,1,4,2,3,3],[0,0,1,2,6,3,5,4],[0,0,1,4,6,3,3],[0,0,1,4,3,3],[0,0,1,4,3,5,3],[0,0,2,4,3,5,7,8,3],[0,0,2,4,3,3],[8,0,1,2,3,2],[1,0,2,3,2],[1,1,2,3,2],[1,2,3,1],[1,0,2,4,3,2],[1,0,1,2,4,3],[9,0,1,1],[5,0,1,2,5,4],[5,0,3,4,5,4],[10,0,1,2,3,2],[11,0,1,2,3,4,5,7],[12,0,1,2,3,4,5,1],[13,0,1,2,2],[14,0,1,1],[15,1],[16,0,1],[17,1],[18,1],[6,0,6,2],[6,1,2,3,4,5,0,6,7,7],[19,0,1,2,3,4],[20,0,1,2,3,3],[21,0,1,2,1],[22,0,1,3]],[[[{"name":"back 1","rect":{"x":0,"y":0,"width":1920,"height":1080},"offset":{"x":0,"y":0},"originalSize":{"width":1920,"height":1080},"rotated":false,"capInsets":[0,0,0,0],"vertices":{"rawPosition":[-960,-540,0,960,-540,0,-960,540,0,960,540,0],"indexes":[0,1,2,2,1,3],"uv":[0,1080,1920,1080,0,0,1920,0],"nuv":[0,0,1,0,0,1,1,1],"minPos":{"x":-960,"y":-540,"z":0},"maxPos":{"x":960,"y":540,"z":0}},"packable":true,"pixelsToUnit":100,"pivot":{"x":0.5,"y":0.5},"meshType":0}],[2],0,[0],[2],[1]],[[{"name":"Polygon 1 copy","rect":{"x":0,"y":0,"width":1102,"height":38},"offset":{"x":0,"y":0},"originalSize":{"width":1102,"height":38},"rotated":false,"capInsets":[0,0,0,0],"vertices":{"rawPosition":[-551,-19,0,551,-19,0,-551,19,0,551,19,0],"indexes":[0,1,2,2,1,3],"uv":[0,38,1102,38,0,0,1102,0],"nuv":[0,0,1,0,0,1,1,1],"minPos":{"x":-551,"y":-19,"z":0},"maxPos":{"x":551,"y":19,"z":0}},"packable":true,"pixelsToUnit":100,"pivot":{"x":0.5,"y":0.5},"meshType":0}],[2],0,[0],[2],[2]],[[[3,"LoadScene"],[4,"ProgressBar",33554432,[-4,-5,-6],[[[0,-1,[5,1113,48]],[12,1,-2,2],-3],4,4,1],[1,0,-400,0]],[5,"Canvas",33554432,"f9V9pnMHBLr4bXemmf0xKW",[-11,-12],[[0,-7,[5,1920,1080]],[17,-9,-8],[18,45,5.684341886080802e-14,5.684341886080802e-14,-10]],[1,960,540,0]],[6,"BG",33554432,2,[-16,1],[[0,-13,[5,1920,1080]],[13,0,-14,3],[19,45,1280,720,-15]]],[20,"LoadScene",[-17,2,-18],[21,null,null,"65af288e-0d80-4ae0-8377-9bc7d4f9d228",null,null,null],[22,[23,0.78125,[2,0.2,0.5019607843137255,0.8,0.520833125],[2,0.2,0.5019607843137255,0.8,0.520833125]],[24,[4,4283190348],[0,512,512]],[25],[26,[4,4292993505]],[27],[28]]],[7,"logo",33554432,3,[[0,-19,[5,997,479]],[14,-20,0]]],[8,"Bar-001",33554432,1,[[2,-21,[5,1102,38],[0,0,0.5]],[15,1,-22,[4,4282137663],1]],[1,-550,0,0]],[1,"Bar",33554432,1,[[[2,-23,[5,0,38],[0,0,0.5]],-24],4,1],[1,-550,0,0]],[1,"Label",33554432,1,[[[0,-25,[5,225.86,50.4]],-26],4,1],[1,0,-50,0]],[9,"Main Camera","c9DMICJLFO5IeO07EPon7U",4,[[29,1822425087,-27]],[1,-10,10,10],[3,-0.27781593799591064,-0.36497166752815247,-0.11507512629032135,0.8811195492744446],[1,-35,-45,0]],[11,"Camera",2,[-28],[1,0,0,1000]],[30,0,1073741824,540,2000,6,41943040,10,[4,4278190080]],[16,2,0,7,[4,4279746722]],[31,"Updating...",40,false,8],[32,1102,0,1,12],[10,"LoadGameController","f3vCF86qxDMJIG5DQaKcUt",4,[[33,-29,14,13]]]],0,[0,0,1,0,0,1,0,-3,14,0,-1,6,0,-2,7,0,-3,8,0,0,2,0,4,11,0,0,2,0,0,2,0,-1,10,0,-2,3,0,0,3,0,0,3,0,0,3,0,-1,5,0,-1,9,0,-3,15,0,0,5,0,0,5,0,0,6,0,0,6,0,0,7,0,-2,12,0,0,8,0,-2,13,0,0,9,0,-1,11,0,0,15,0,5,4,1,3,3,2,3,4,29],[0,0,0,0,12,13],[1,1,1,1,1,6],[3,0,4,5,0,6]],[[{"name":"Polygon 1","rect":{"x":0,"y":0,"width":1113,"height":48},"offset":{"x":0,"y":0},"originalSize":{"width":1113,"height":48},"rotated":false,"capInsets":[0,0,0,0],"vertices":{"rawPosition":[-556.5,-24,0,556.5,-24,0,-556.5,24,0,556.5,24,0],"indexes":[0,1,2,2,1,3],"uv":[0,48,1113,48,0,0,1113,0],"nuv":[0,0,1,0,0,1,1,1],"minPos":{"x":-556.5,"y":-24,"z":0},"maxPos":{"x":556.5,"y":24,"z":0}},"packable":true,"pixelsToUnit":100,"pivot":{"x":0.5,"y":0.5},"meshType":0}],[2],0,[0],[2],[7]],[[[34,"COOPBL","COOPBL.ttf"],-1],0,0,[],[],[]],[[{"name":"logo","rect":{"x":0,"y":0,"width":997,"height":479},"offset":{"x":0,"y":0},"originalSize":{"width":997,"height":479},"rotated":false,"capInsets":[0,0,0,0],"vertices":{"rawPosition":[-498.5,-239.5,0,498.5,-239.5,0,-498.5,239.5,0,498.5,239.5,0],"indexes":[0,1,2,2,1,3],"uv":[0,479,997,479,0,0,997,0],"nuv":[0,0,1,0,0,1,1,1],"minPos":{"x":-498.5,"y":-239.5,"z":0},"maxPos":{"x":498.5,"y":239.5,"z":0}},"packable":true,"pixelsToUnit":100,"pivot":{"x":0.5,"y":0.5},"meshType":0}],[2],0,[0],[2],[8]]]]
