{"importBase":"import","nativeBase":"native","name":"main","deps":["internal"],"uuids":["035f8f690","0d41a1a46","0f31a6f80","65ryiODYBK4IN3m8fU+dIo","baIUdvKGZPgZxNbjWTFuRI","24pwTaKGdEbY0aXpIMdeCd","24pwTaKGdEbY0aXpIMdeCd@6c48a","24pwTaKGdEbY0aXpIMdeCd@f9941","88H6UHHSJFW6hxZNMagHQZ","9f2QDdIhtPiY8s+6NCQ8g1","9f2QDdIhtPiY8s+6NCQ8g1@6c48a","9f2QDdIhtPiY8s+6NCQ8g1@f9941","c48BAClytExa0zy/D5yp/3","c48BAClytExa0zy/D5yp/3@6c48a","c48BAClytExa0zy/D5yp/3@f9941","d9/Juy9tlIgYa8z+LegZy2","d9/Juy9tlIgYa8z+LegZy2@6c48a","d9/Juy9tlIgYa8z+LegZy2@f9941","fdjsU2o1RKF5x0TziDw3jI"],"paths":{"4":["db:/internal/physics/default-physics-material",1],"18":["db:/internal/default_renderpipeline/builtin-forward",0]},"scenes":{"db://assets/LoadScene/LoadScene.scene":3},"packs":{"035f8f690":["7","3","8","11","14","17"],"0d41a1a46":["9","5","12","15"],"0f31a6f80":["10","6","13","16"]},"versions":{"import":[],"native":[]},"redirect":[4,"0"],"debug":false,"extensionMap":{},"hasPreloadScript":true,"types":["cc.RenderPipeline","cc.PhysicsMaterial"]}