{"importBase":"import","nativeBase":"native","name":"main","deps":["internal"],"uuids":["08e1c149f","093e9e21f","0a615e77d","65ryiODYBK4IN3m8fU+dIo","baIUdvKGZPgZxNbjWTFuRI","23eLhy0vFH+7Hbe61RG1nC","23eLhy0vFH+7Hbe61RG1nC@6c48a","23eLhy0vFH+7Hbe61RG1nC@f9941","65qQGxc7pLirO5MrEFXfQd","65qQGxc7pLirO5MrEFXfQd@6c48a","65qQGxc7pLirO5MrEFXfQd@f9941","a4P1uHBXlGrrShEJzWiZ47","a4P1uHBXlGrrShEJzWiZ47@6c48a","a4P1uHBXlGrrShEJzWiZ47@f9941","bdKltn8iVKSbvmPKbaSMBw","bdKltn8iVKSbvmPKbaSMBw@6c48a","bdKltn8iVKSbvmPKbaSMBw@f9941","fdjsU2o1RKF5x0TziDw3jI"],"paths":{"4":["db:/internal/physics/default-physics-material",1],"17":["db:/internal/default_renderpipeline/builtin-forward",0]},"scenes":{"db://assets/LoadScene/LoadScene.scene":3},"packs":{"08e1c149f":["8","5","11","14"],"093e9e21f":["9","6","12","15"],"0a615e77d":["7","10","3","13","16"]},"versions":{"import":[],"native":[]},"redirect":[4,"0"],"debug":false,"extensionMap":{},"hasPreloadScript":true,"types":["cc.RenderPipeline","cc.PhysicsMaterial"]}