{"importBase":"import","nativeBase":"native","name":"main","deps":["internal"],"uuids":["07veRFOMFPB5DAQBjvGr/4","35Osn2gFZA85Qj2f4zxpo3","4fszqPGbRLt7JpriKSzrei","6fAc9/gb9Kfr1dCvwZaWSA@b47c0@40c10","6fAc9/gb9Kfr1dCvwZaWSA@b47c0@74afd","6fAc9/gb9Kfr1dCvwZaWSA@b47c0@7d38f","6fAc9/gb9Kfr1dCvwZaWSA@b47c0@8fd34","6fAc9/gb9Kfr1dCvwZaWSA@b47c0@bb97f","6fAc9/gb9Kfr1dCvwZaWSA@b47c0@e9a6d","83y7vUVF1D5Zp/pWO3OY9h","8bW/0qn1RKs49KzN0kEmqk","baIUdvKGZPgZxNbjWTFuRI","d0MqyYBeFAkIi762QNy1/B@b47c0@40c10","d0MqyYBeFAkIi762QNy1/B@b47c0@74afd","d0MqyYBeFAkIi762QNy1/B@b47c0@7d38f","d0MqyYBeFAkIi762QNy1/B@b47c0@8fd34","d0MqyYBeFAkIi762QNy1/B@b47c0@bb97f","d0MqyYBeFAkIi762QNy1/B@b47c0@e9a6d","fdjsU2o1RKF5x0TziDw3jI","010cced1f","0314e19c0","0c31b1877","0c5ebda69","6fAc9/gb9Kfr1dCvwZaWSA@b47c0","7e2w/JeSNJq6X8c6q4VGNq","83y7vUVF1D5Zp/pWO3OY9h@6c48a","83y7vUVF1D5Zp/pWO3OY9h@f9941","8bW/0qn1RKs49KzN0kEmqk@6c48a","8bW/0qn1RKs49KzN0kEmqk@f9941","d0MqyYBeFAkIi762QNy1/B@b47c0"],"paths":{"11":["db:/internal/physics/default-physics-material",1],"18":["db:/internal/default_renderpipeline/builtin-forward",0]},"scenes":{"db://assets/LoadScene/StartScene.scene":0,"db://assets/LoadScene/SceneLoader.scene":1},"packs":{"010cced1f":["10","9"],"0314e19c0":["1","2"],"0c31b1877":["27","25"],"0c5ebda69":["0","23","3","4","5","6","7","8","24","26","28","29","12","13","14","15","16","17"]},"versions":{"import":[19,"d8f07",20,"75e96",21,"59952",22,"92b16",18,"731f4"],"native":[3,"6f2af",4,"459f6",5,"6a9df",6,"dabf1",7,"ea0b7",8,"9e658",9,"a7f47",10,"07a35",12,"d8477",13,"66393",14,"a5757",15,"2b5b1",16,"8000e",17,"3645b",2,"5165c"]},"redirect":[11,"0"],"debug":false,"extensionMap":{},"hasPreloadScript":true,"types":["cc.RenderPipeline","cc.PhysicsMaterial"]}