{"importBase":"import","nativeBase":"native","name":"main","deps":["internal"],"uuids":["05e85a8a8","08315d6c8","0c33a6231","65ryiODYBK4IN3m8fU+dIo","baIUdvKGZPgZxNbjWTFuRI","20mtC1K0NOh4+UBnpCf1r3","20mtC1K0NOh4+UBnpCf1r3@6c48a","20mtC1K0NOh4+UBnpCf1r3@f9941","23eLhy0vFH+7Hbe61RG1nC","23eLhy0vFH+7Hbe61RG1nC@6c48a","23eLhy0vFH+7Hbe61RG1nC@f9941","bdKltn8iVKSbvmPKbaSMBw","bdKltn8iVKSbvmPKbaSMBw@6c48a","bdKltn8iVKSbvmPKbaSMBw@f9941","ddYA/OkCZPnq013uGawxD6","e1erZorP1KWpdtD/g8QCOD","e1erZorP1KWpdtD/g8QCOD@6c48a","e1erZorP1KWpdtD/g8QCOD@f9941","fdjsU2o1RKF5x0TziDw3jI"],"paths":{"4":["db:/internal/physics/default-physics-material",1],"18":["db:/internal/default_renderpipeline/builtin-forward",0]},"scenes":{"db://assets/LoadScene/LoadScene.scene":3},"packs":{"05e85a8a8":["6","9","12","16"],"08315d6c8":["7","10","3","13","14","17"],"0c33a6231":["5","8","11","15"]},"versions":{"import":[],"native":[]},"redirect":[4,"0"],"debug":false,"extensionMap":{},"hasPreloadScript":true,"types":["cc.RenderPipeline","cc.PhysicsMaterial"]}